{"cameraMode":{"drawMode":0,"name":"Shaded","section":"Shading Mode"},"sceneLighting":false,"audioPlay":false,"sceneViewState":{"showFog":true,"showMaterialUpdate":false,"showSkybox":false,"showFlares":true,"showImageEffects":true,"showParticleSystems":true},"in2DMode":false,"pivot":{"x":-4.349256992340088,"y":-1.9247344732284547,"z":-4.3859758377075199},"rotation":{"x":-0.015660984441637994,"y":0.962572455406189,"z":-0.056953538209199908,"w":-0.26453840732574465},"size":11.914928436279297,"orthographic":false}