{"cameraMode":{"drawMode":0,"name":"Shaded","section":"Shading Mode"},"sceneLighting":false,"audioPlay":false,"sceneViewState":{"showFog":true,"showMaterialUpdate":false,"showSkybox":false,"showFlares":true,"showImageEffects":true,"showParticleSystems":true},"in2DMode":false,"pivot":{"x":-0.16497084498405457,"y":-0.5753357410430908,"z":0.3063136637210846},"rotation":{"x":-0.06654101610183716,"y":0.7014588117599487,"z":-0.06607233732938767,"w":-0.7065265774726868},"size":2.5129077434539797,"orthographic":false}